id,login,node_id,type,site_admin,created_at
1,mojombo,MDQ6VXNlcjE=,User,0,2025-03-08 14:01:38
2,defunkt,MDQ6VXNlcjI=,User,0,2025-03-08 14:01:38
3,pjhyett,MDQ6VXNlcjM=,User,0,2025-03-08 14:01:38
4,wycats,MDQ6VXNlcjQ=,User,0,2025-03-08 14:01:38
5,ezmobius,MDQ6VXNlcjU=,User,0,2025-03-08 14:01:38
6,ivey,MDQ6VXNlcjY=,User,0,2025-03-08 14:01:38
7,evanphx,MDQ6VXNlcjc=,User,0,2025-03-08 14:01:38
17,vanpelt,MDQ6VXNlcjE3,User,0,2025-03-08 14:01:38
18,wayneeseguin,MDQ6VXNlcjE4,User,0,2025-03-08 14:01:38
19,brynary,MDQ6VXNlcjE5,User,0,2025-03-08 14:01:38
20,kevinclark,MDQ6VXNlcjIw,User,0,2025-03-08 14:01:38
21,technoweenie,MDQ6VXNlcjIx,User,0,2025-03-08 14:01:38
22,macournoyer,MDQ6VXNlcjIy,User,0,2025-03-08 14:01:38
23,takeo,MDQ6VXNlcjIz,User,0,2025-03-08 14:01:38
25,caged,MDQ6VXNlcjI1,User,0,2025-03-08 14:01:38
26,topfunky,MDQ6VXNlcjI2,User,0,2025-03-08 14:01:38
27,anotherjesse,MDQ6VXNlcjI3,User,0,2025-03-08 14:01:38
28,roland,MDQ6VXNlcjI4,User,0,2025-03-08 14:01:38
29,lukas,MDQ6VXNlcjI5,User,0,2025-03-08 14:01:38
30,fanvsfan,MDQ6VXNlcjMw,User,0,2025-03-08 14:01:38
31,tomtt,MDQ6VXNlcjMx,User,0,2025-03-08 14:01:38
32,railsjitsu,MDQ6VXNlcjMy,User,0,2025-03-08 14:01:38
34,nitay,MDQ6VXNlcjM0,User,0,2025-03-08 14:01:38
35,kevwil,MDQ6VXNlcjM1,User,0,2025-03-08 14:01:38
36,KirinDave,MDQ6VXNlcjM2,User,0,2025-03-08 14:01:38
37,jamesgolick,MDQ6VXNlcjM3,User,0,2025-03-08 14:01:38
38,atmos,MDQ6VXNlcjM4,User,0,2025-03-08 14:01:38
44,errfree,MDEyOk9yZ2FuaXphdGlvbjQ0,Organization,0,2025-03-08 14:01:38
45,mojodna,MDQ6VXNlcjQ1,User,0,2025-03-08 14:01:38
46,bmizerany,MDQ6VXNlcjQ2,User,0,2025-03-08 14:01:38
47,jnewland,MDQ6VXNlcjQ3,User,0,2025-03-08 14:01:38
48,joshknowles,MDQ6VXNlcjQ4,User,0,2025-03-08 14:01:38
49,hornbeck,MDQ6VXNlcjQ5,User,0,2025-03-08 14:01:38
50,jwhitmire,MDQ6VXNlcjUw,User,0,2025-03-08 14:01:38
51,elbowdonkey,MDQ6VXNlcjUx,User,0,2025-03-08 14:01:38
52,reinh,MDQ6VXNlcjUy,User,0,2025-03-08 14:01:38
53,knzai,MDQ6VXNlcjUz,User,0,2025-03-08 14:01:38
68,bs,MDQ6VXNlcjY4,User,0,2025-03-08 14:01:38
69,rsanheim,MDQ6VXNlcjY5,User,0,2025-03-08 14:01:38
70,schacon,MDQ6VXNlcjcw,User,0,2025-03-08 14:01:38
71,uggedal,MDQ6VXNlcjcx,User,0,2025-03-08 14:01:38
72,bruce,MDQ6VXNlcjcy,User,1,2025-03-08 14:01:38
73,sam,MDQ6VXNlcjcz,User,0,2025-03-08 14:01:38
74,mmower,MDQ6VXNlcjc0,User,0,2025-03-08 14:01:38
75,abhay,MDQ6VXNlcjc1,User,0,2025-03-08 14:01:38
76,rabble,MDQ6VXNlcjc2,User,0,2025-03-08 14:01:38
77,benburkert,MDQ6VXNlcjc3,User,0,2025-03-08 14:01:38
78,indirect,MDQ6VXNlcjc4,User,0,2025-03-08 14:01:38
79,fearoffish,MDQ6VXNlcjc5,User,0,2025-03-08 14:01:38
80,ry,MDQ6VXNlcjgw,User,0,2025-03-08 14:01:38
81,engineyard,MDEyOk9yZ2FuaXphdGlvbjgx,Organization,0,2025-03-08 14:01:38
82,jsierles,MDQ6VXNlcjgy,User,0,2025-03-08 14:01:38
83,tweibley,MDQ6VXNlcjgz,User,0,2025-03-08 14:01:38
84,peimei,MDQ6VXNlcjg0,User,0,2025-03-08 14:01:38
85,brixen,MDQ6VXNlcjg1,User,0,2025-03-08 14:01:38
87,tmornini,MDQ6VXNlcjg3,User,0,2025-03-08 14:01:38
88,outerim,MDQ6VXNlcjg4,User,0,2025-03-08 14:01:38
89,daksis,MDQ6VXNlcjg5,User,0,2025-03-08 14:01:38
90,sr,MDQ6VXNlcjkw,User,0,2025-03-08 14:01:38
91,lifo,MDQ6VXNlcjkx,User,0,2025-03-08 14:01:38
92,rsl,MDQ6VXNlcjky,User,0,2025-03-08 14:01:38
93,imownbey,MDQ6VXNlcjkz,User,0,2025-03-08 14:01:38
94,dylanegan,MDQ6VXNlcjk0,User,0,2025-03-08 14:01:38
95,jm,MDQ6VXNlcjk1,User,0,2025-03-08 14:01:38
100,kmarsh,MDQ6VXNlcjEwMA==,User,0,2025-03-08 14:01:38
101,jvantuyl,MDQ6VXNlcjEwMQ==,User,0,2025-03-08 14:01:38
102,BrianTheCoder,MDQ6VXNlcjEwMg==,User,0,2025-03-08 14:01:38
103,freeformz,MDQ6VXNlcjEwMw==,User,0,2025-03-08 14:01:38
104,hassox,MDQ6VXNlcjEwNA==,User,0,2025-03-08 14:01:38
105,automatthew,MDQ6VXNlcjEwNQ==,User,0,2025-03-08 14:01:38
106,queso,MDQ6VXNlcjEwNg==,User,0,2025-03-08 14:01:38
107,lancecarlson,MDQ6VXNlcjEwNw==,User,0,2025-03-08 14:01:38
108,drnic,MDQ6VXNlcjEwOA==,User,0,2025-03-08 14:01:38
109,lukesutton,MDQ6VXNlcjEwOQ==,User,0,2025-03-08 14:01:38
110,danwrong,MDQ6VXNlcjExMA==,User,0,2025-03-08 14:01:38
111,HamptonMakes,MDQ6VXNlcjExMQ==,User,0,2025-03-08 14:01:38
112,jfrost,MDQ6VXNlcjExMg==,User,0,2025-03-08 14:01:38
113,mattetti,MDQ6VXNlcjExMw==,User,0,2025-03-08 14:01:38
114,ctennis,MDQ6VXNlcjExNA==,User,0,2025-03-08 14:01:38
115,lawrencepit,MDQ6VXNlcjExNQ==,User,0,2025-03-08 14:01:38
116,marcjeanson,MDQ6VXNlcjExNg==,User,0,2025-03-08 14:01:38
117,grempe,MDQ6VXNlcjExNw==,User,0,2025-03-08 14:01:38
118,peterc,MDQ6VXNlcjExOA==,User,0,2025-03-08 14:01:38
119,ministrycentered,MDEyOk9yZ2FuaXphdGlvbjExOQ==,Organization,0,2025-03-08 14:01:38
120,afarnham,MDQ6VXNlcjEyMA==,User,0,2025-03-08 14:01:38
121,up_the_irons,MDQ6VXNlcjEyMQ==,User,0,2025-03-08 14:01:38
122,cristibalan,MDQ6VXNlcjEyMg==,User,0,2025-03-08 14:01:38
123,heavysixer,MDQ6VXNlcjEyMw==,User,0,2025-03-08 14:01:38
124,brosner,MDQ6VXNlcjEyNA==,User,0,2025-03-08 14:01:38
125,danielmorrison,MDQ6VXNlcjEyNQ==,User,0,2025-03-08 14:01:38
126,danielharan,MDQ6VXNlcjEyNg==,User,0,2025-03-08 14:01:38
127,kvnsmth,MDQ6VXNlcjEyNw==,User,0,2025-03-08 14:01:38
128,collectiveidea,MDEyOk9yZ2FuaXphdGlvbjEyOA==,Organization,0,2025-03-08 14:01:38
129,canadaduane,MDQ6VXNlcjEyOQ==,User,0,2025-03-08 14:01:38
130,corasaurus-hex,MDQ6VXNlcjEzMA==,User,0,2025-03-08 14:01:38
131,dstrelau,MDQ6VXNlcjEzMQ==,User,0,2025-03-08 14:01:38
132,sunny,MDQ6VXNlcjEzMg==,User,0,2025-03-08 14:01:38
133,dkubb,MDQ6VXNlcjEzMw==,User,0,2025-03-08 14:01:38
134,jnicklas,MDQ6VXNlcjEzNA==,User,0,2025-03-08 14:01:38
135,richcollins,MDQ6VXNlcjEzNQ==,User,0,2025-03-08 14:01:38
